id,contactId,detachmentId
1,2851,1
2,2851,2
3,2851,3
4,2851,4
5,2851,5
6,2851,6
7,2851,7
8,2851,8
9,2851,9
10,2851,10
11,2851,11
12,2851,12
13,2851,13
14,2851,14
15,2851,15
16,2852,1
17,2852,2
18,2852,3
19,2852,4
20,2852,5
21,2852,6
22,2852,7
23,2852,8
24,2852,9
25,2852,10
26,2852,11
27,2852,12
28,2852,13
29,2852,14
30,2852,15
31,2853,1
32,2853,2
33,2853,3
34,2853,4
35,2853,5
36,2853,6
37,2853,7
38,2853,8
39,2853,9
40,2853,10
41,2853,11
42,2853,12
43,2853,13
44,2853,14
45,2853,15
46,2854,1
47,2854,2
48,2854,3
49,2854,4
50,2854,5
51,2854,6
52,2854,7
53,2854,8
54,2854,9
55,2854,10
56,2854,11
57,2854,12
58,2854,13
59,2854,14
60,2854,15
61,2855,1
62,2855,2
63,2855,3
64,2855,4
65,2855,5
66,2855,6
67,2855,7
68,2855,8
69,2855,9
70,2855,10
71,2855,11
72,2855,12
73,2855,13
74,2855,14
75,2855,15
76,2856,1
77,2856,2
78,2856,3
79,2856,4
80,2856,5
81,2856,6
82,2856,7
83,2856,8
84,2856,9
85,2856,10
86,2856,11
87,2856,12
88,2856,13
89,2856,14
90,2856,15
91,2857,1
92,2857,2
93,2857,3
94,2857,4
95,2857,5
96,2857,6
97,2857,7
98,2857,8
99,2857,9
100,2857,10
101,2857,11
102,2857,12
103,2857,13
104,2857,14
105,2857,15
106,2858,1
107,2858,2
108,2858,3
109,2858,4
110,2858,5
111,2858,6
112,2858,7
113,2858,8
114,2858,9
115,2858,10
116,2858,11
117,2858,12
118,2858,13
119,2858,14
120,2858,15
121,2859,1
122,2859,2
123,2859,3
124,2859,4
125,2859,5
126,2859,6
127,2859,7
128,2859,8
129,2859,9
130,2859,10
131,2859,11
132,2859,12
133,2859,13
134,2859,14
135,2859,15
136,2860,1
137,2860,2
138,2860,3
139,2860,4
140,2860,5
141,2860,6
142,2860,7
143,2860,8
144,2860,9
145,2860,10
146,2860,11
147,2860,12
148,2860,13
149,2860,14
150,2860,15
151,2861,1
152,2861,2
153,2861,3
154,2861,4
155,2861,5
156,2861,6
157,2861,7
158,2861,8
159,2861,9
160,2861,10
161,2861,11
162,2861,12
163,2861,13
164,2861,14
165,2861,15
166,2862,1
167,2862,2
168,2862,3
169,2862,4
170,2862,5
171,2862,6
172,2862,7
173,2862,8
174,2862,9
175,2862,10
176,2862,11
177,2862,12
178,2862,13
179,2862,14
180,2862,15
181,2863,1
182,2863,2
183,2863,3
184,2863,4
185,2863,5
186,2863,6
187,2863,7
188,2863,8
189,2863,9
190,2863,10
191,2863,11
192,2863,12
193,2863,13
194,2863,14
195,2863,15
196,2864,1
197,2864,2
198,2864,3
199,2864,4
200,2864,5
201,2864,6
202,2864,7
203,2864,8
204,2864,9
205,2864,10
206,2864,11
207,2864,12
208,2864,13
209,2864,14
210,2864,15
211,2865,1
212,2865,2
213,2865,3
214,2865,4
215,2865,5
216,2865,6
217,2865,7
218,2865,8
219,2865,9
220,2865,10
221,2865,11
222,2865,12
223,2865,13
224,2865,14
225,2865,15
226,2866,1
227,2866,2
228,2866,3
229,2866,4
230,2866,5
231,2866,6
232,2866,7
233,2866,8
234,2866,9
235,2866,10
236,2866,11
237,2866,12
238,2866,13
239,2866,14
240,2866,15
241,2867,1
242,2867,2
243,2867,3
244,2867,4
245,2867,5
246,2867,6
247,2867,7
248,2867,8
249,2867,9
250,2867,10
251,2867,11
252,2867,12
253,2867,13
254,2867,14
255,2867,15
256,2868,1
257,2868,2
258,2868,3
259,2868,4
260,2868,5
261,2868,6
262,2868,7
263,2868,8
264,2868,9
265,2868,10
266,2868,11
267,2868,12
268,2868,13
269,2868,14
270,2868,15
271,2869,1
272,2869,2
273,2869,3
274,2869,4
275,2869,5
276,2869,6
277,2869,7
278,2869,8
279,2869,9
280,2869,10
281,2869,11
282,2869,12
283,2869,13
284,2869,14
285,2869,15
286,2870,1
287,2870,2
288,2870,3
289,2870,4
290,2870,5
291,2870,6
292,2870,7
293,2870,8
294,2870,9
295,2870,10
296,2870,11
297,2870,12
298,2870,13
299,2870,14
300,2870,15
301,2871,1
302,2871,2
303,2871,3
304,2871,4
305,2871,5
306,2871,6
307,2871,7
308,2871,8
309,2871,9
310,2871,10
311,2871,11
312,2871,12
313,2871,13
314,2871,14
315,2871,15
